Sex,Agemos,-2,-1.5,-1,-0.5,0,0.5,1,1.5,2
1,24,14.41521158,14.87506534,15.38212955,15.94508534,16.57502768,17.28640335,18.09843676,19.03737481,20.14017261
1,24.5,14.3979661,14.85663307,15.36182304,15.92196123,16.54777487,17.25317025,18.05655611,18.98290885,20.06712753
1,25,14.3808083,14.8383387,15.34171591,15.89911595,16.52090965,17.22048247,18.01546231,18.92961915,19.99591879
1,25.5,14.36374276,14.82018382,15.32180715,15.87654645,16.49442763,17.1883349,17.97514974,18.87749796,19.92652961
1,26,14.34677415,14.80217003,15.30209574,15.85424966,16.46832439,17.15672244,17.93561273,18.82653741,19.85894302
1,26.5,14.32990708,14.78429884,15.28258055,15.83222246,16.44259552,17.12564008,17.89684579,18.7767298,19.79314234
1,27,14.31314626,14.76657177,15.26326047,15.81046172,16.41723665,17.09508282,17.8588434,18.72806732,19.72911077
1,27.5,14.29649627,14.74899025,15.24413426,15.78896426,16.3922434,17.06504578,17.82160018,18.68054236,19.66683181
1,28,14.27996179,14.73155571,15.22520073,15.76772693,16.36761146,17.03552408,17.78511072,18.63414712,19.60628882
1,28.5,14.26354741,14.71426953,15.2064586,15.74674659,16.34333654,17.00651297,17.74936974,18.58887396,19.54746541
1,29,14.2472577,14.69713301,15.18790661,15.72602008,16.31941443,16.97800774,17.71437198,18.54471517,19.49034521
1,29.5,14.23109715,14.68014744,15.16954345,15.70554429,16.29584097,16.95000375,17.68011224,18.50166311,19.43491203
1,30,14.21507023,14.66331407,15.15136783,15.68531616,16.27261207,16.92249645,17.64658532,18.45971006,19.38114968
1,30.5,14.19918126,14.64663406,15.13337844,15.66533264,16.24972371,16.89548138,17.61378614,18.41884837,19.32904226
1,31,14.18343455,14.6301086,15.11557402,15.64559078,16.22717199,16.86895413,17.58170957,18.37907029,19.27857378
1,31.5,14.16783468,14.61373894,15.0979532,15.62608741,16.20495268,16.84291,17.55035027,18.3403682,19.22972928
1,32,14.1523847,14.59752579,15.08051495,15.60682035,16.18306297,16.81734569,17.51970384,18.30273417,19.18249141
1,32.5,14.13708913,14.58147037,15.06325795,15.58778649,16.16149871,16.79225651,17.48976489,18.26616059,19.1368458
1,33,14.1219521,14.56557384,15.04618101,15.56898303,16.14025612,16.76763806,17.46052816,18.23063962,19.09277748
1,33.5,14.10697634,14.54983679,15.02928316,15.55040797,16.11933258,16.74348719,17.43198924,18.19616341,19.05027004
1,34,14.09216627,14.53426052,15.01256323,15.53205838,16.09872403,16.71979912,17.40414249,18.16272413,19.00930976
1,34.5,14.0775249,14.5188458,14.9960203,15.51393214,16.07842758,16.69657027,17.37698312,18.13031392,18.96988148
1,35,14.06305541,14.50359352,14.97965348,15.4960271,16.05844019,16.67379685,17.35050604,18.0989248,18.93197047
1,35.5,14.04876076,14.48850452,14.96346195,15.47834123,16.03875896,16.65147513,17.32470625,18.06854885,18.89556234
1,36,14.03464377,14.47357965,14.947445,15.46087266,16.01938111,16.62960144,17.29957861,18.039178,18.86064276
1,36.5,14.02070701,14.45881969,14.93160201,15.44361964,16.00030401,16.60817219,17.27511807,18.01080425,18.82719771
1,37,14.0069529,14.44422547,14.91593247,15.42658059,15.98152514,16.58718382,17.25131946,17.98341944,18.79521321
1,37.5,13.99338289,14.42979746,14.90043608,15.40975454,15.96304277,16.56663353,17.22817809,17.9570154,18.76467456
1,38,13.98000116,14.41553723,14.88511211,15.39313885,15.94485272,16.54651589,17.20568741,17.93158416,18.73557144
1,38.5,13.96680799,14.40144498,14.86996064,15.37673331,15.92695418,16.52682888,17.18384311,17.90711738,18.70788845
1,39,13.95380351,14.38752095,14.85498191,15.36053791,15.90934648,16.50757051,17.16264079,17.88360646,18.68161008
1,39.5,13.94099125,14.37376661,14.84017547,15.34455045,15.89202582,16.4887355,17.14207383,17.86104346,18.65672688
1,40,13.92837162,14.36018244,14.82554163,15.32877078,15.87499115,16.47032133,17.12213733,17.83941985,18.63322488
1,40.5,13.9159455,14.34676911,14.81108064,15.31319843,15.85824093,16.45232484,17.10282592,17.81872723,18.61109155
1,41,13.90371362,14.33352732,14.7967929,15.2978331,15.84177371,16.43474295,17.08413418,17.7989571,18.59031443
1,41.5,13.89167642,14.32045771,14.78267884,15.28267463,15.82558822,16.41757264,17.06605674,17.78010101,18.5708814
1,42,13.87983423,14.30756098,14.76873912,15.26772308,15.8096833,16.40081092,17.04858806,17.7621503,18.55278023
1,42.5,13.86818778,14.29483798,14.75497424,15.25297811,15.79405728,16.38445423,17.03172229,17.74509659,18.53600032
1,43,13.85673418,14.28228837,14.74138562,15.23844187,15.77871181,16.36850229,17.0154556,17.72893071,18.52052539
1,43.5,13.84547707,14.26991417,14.72797332,15.22411228,15.76364255,16.35294869,16.99978004,17.71364462,18.50635007
1,44,13.83441343,14.25771508,14.71473888,15.20999159,15.74885117,16.33779303,16.98469162,17.69922916,18.49345883
1,44.5,13.82354307,14.24569183,14.70168324,15.19608016,15.73433668,16.32303219,16.97018451,17.68567573,18.48184132
1,45,13.81286514,14.23384499,14.68880759,15.18237893,15.72009875,16.30866361,16.95625315,17.67297545,18.47148608
1,45.5,13.80238026,14.22217567,14.67611285,15.16888785,15.70613566,16.2946833,16.94289098,17.66111976,18.46238462
1,46,13.79208428,14.21068329,14.66360089,15.15560994,15.69244997,16.28109161,16.93009435,17.65009933,18.45452112
1,46.5,13.78197702,14.19936872,14.65127284,15.14254566,15.67904062,16.26788514,16.91785705,17.63990552,18.44788656
1,47,13.77205698,14.1882324,14.63913014,15.12969645,15.66590783,16.25506173,16.90617362,17.63052931,18.44246972
1,47.5,13.76232243,14.17727466,14.62717425,15.11706377,15.65305192,16.24261938,16.89503873,17.62196183,18.43825962
1,48,13.75277158,14.16649584,14.6154067,15.10464925,15.64047335,16.23055612,16.88444702,17.61419403,18.43524513
1,48.5,13.74340243,14.15589617,14.603829,15.09245455,15.62817269,16.21887018,16.8743933,17.60721704,18.43341534
1,49,13.73421299,14.14547591,14.59244273,15.08048145,15.61615064,16.20755984,16.86487232,17.60102178,18.43275902
1,49.5,13.72520106,14.13523523,14.58124944,15.06873176,15.604408,16.19662352,16.855879,17.5955993,18.43326516
1,50,13.71636443,14.12517426,14.57025072,15.05720737,15.59294565,16.18605973,16.84740828,17.59094057,18.43492253
1,50.5,13.70770074,14.11529305,14.55944809,15.04591019,15.58176458,16.17586715,16.83945526,17.58703669,18.43772007
1,51,13.69920767,14.10559166,14.54884312,15.03484221,15.57086587,16.16604451,16.83201503,17.58387858,18.44164636
1,51.5,13.69088273,14.09607001,14.53843731,15.02400538,15.56025067,16.15659069,16.82508289,17.58145739,18.44669021
1,52,13.68272348,14.08672807,14.52823216,15.01340171,15.54992018,16.14750465,16.81865414,17.57976411,18.45284009
1,52.5,13.67472862,14.07756615,14.51822892,15.00303248,15.5398746,16.13878431,16.81272341,17.57879002,18.46008665
1,53,13.66689202,14.06858263,14.50842951,14.99290181,15.53011848,16.13043235,16.8072888,17.57852587,18.468412
1,53.5,13.65921478,14.05977872,14.49883475,14.98300951,15.52064993,16.12244452,16.80234344,17.57896322,18.47781072
1,54,13.65169319,14.05115368,14.4894461,14.97335823,15.5114714,16.11482135,16.79788394,17.58009315,18.48826886
1,54.5,13.64432473,14.04270713,14.48026475,14.96394984,15.50258427,16.10756227,16.79390625,17.58190704,18.49977466
1,55,13.63710698,14.03443875,14.47129187,14.95478617,15.49398992,16.10066677,16.79040631,17.58439613,18.51231595
1,55.5,13.63003748,14.0263481,14.4625285,14.94586897,15.48568973,16.09413442,16.78738028,17.58755194,18.52588073
1,56,13.62311389,14.01843475,14.45397565,14.93719995,15.47768505,16.08796481,16.78482436,17.59136589,18.54045668
1,56.5,13.61633386,14.0106982,14.4456342,14.92878071,15.46997718,16.08215762,16.7827349,17.59582963,18.55603158
1,57,13.60969614,14.00313837,14.4375049,14.92061225,15.46256656,16.07671156,16.78110756,17.60093479,18.57259465
1,57.5,13.60319568,13.99575347,14.42958876,14.91269756,15.45545692,16.0716292,16.7799411,17.60667305,18.59012824
1,58,13.59683328,13.9885442,14.42188617,14.90503642,15.44864689,16.06690739,16.7792299,17.61303632,18.60862487
1,58.5,13.59060455,13.98150893,14.41439786,14.89763128,15.44213961,16.06254823,16.77897254,17.62001655,18.62806765
1,59,13.58450988,13.97464807,14.40712416,14.89048207,15.4359341,16.05854914,16.77916399,17.62760575,18.64844787
1,59.5,13.57854652,13.96796061,14.40006552,14.88359027,15.43003207,16.05491077,16.77980187,17.63579611,18.66975112
1,60,13.5727128,13.96144595,14.39322228,14.87695678,15.42443435,16.05163277,16.78088306,17.64457982,18.6919644
1,60.5,13.5670071,13.95510345,14.38659464,14.87058235,15.41914163,16.04871479,16.7824046,17.65394929,18.71507487
1,61,13.56142796,13.94893254,14.38018279,14.86446764,15.41415454,16.04615642,16.78436346,17.66389689,18.73906942
1,61.5,13.55597396,13.94293256,14.37398676,14.85861319,15.40947356,16.04395724,16.78675682,17.67441532,18.76393522
1,62,13.5506439,13.93710296,14.36800661,14.85301941,15.40509909,16.04211669,16.78958172,17.68549712,18.78965903
1,62.5,13.54543658,13.93144311,14.36224224,14.84768661,15.40103139,16.04063425,16.7928354,17.69713518,18.81622797
1,63,13.54035101,13.92595246,14.35669355,14.84261499,15.39727062,16.03950924,16.79651497,17.70932229,18.84362882
1,63.5,13.535385,13.92062984,14.35136036,14.83780521,15.39381785,16.03874225,16.80061877,17.72205159,18.8718461
1,64,13.53054008,13.91547583,14.34624237,14.83325612,15.39067105,16.03833009,16.80514199,17.73531601,18.90087141
1,64.5,13.52581439,13.91048936,14.3413393,14.82896813,15.38783094,16.03827306,16.81008285,17.74910888,18.93068964
1,65,13.52120741,13.90566996,14.33665082,14.82494102,15.38529721,16.03857016,16.81543853,17.76342338,18.96128756
1,65.5,13.51671856,13.90101711,14.33217651,14.82117445,15.38306945,16.03922042,16.82120634,17.77825305,18.99265243
1,66,13.51234751,13.8965304,14.32791595,14.81766803,15.38114712,16.0402227,16.82738345,17.79359123,19.02477108
1,66.5,13.50809389,13.89220935,14.32386864,14.81442122,15.37952958,16.04157582,16.83396716,17.80943163,19.05763083
1,67,13.50395755,13.88805362,14.32003411,14.81143349,15.37821609,16.04327848,16.84095459,17.8257678,19.09121861
1,67.5,13.4999383,13.88406276,14.31641177,14.80870413,15.37720582,16.04532936,16.84834305,17.84259364,19.1255219
1,68,13.49603616,13.88023648,14.31300108,14.80623244,15.37649782,16.04772697,16.85612963,17.85990284,19.16052774
1,68.5,13.49225114,13.87657441,14.30980144,14.80401762,15.37609107,16.05046982,16.86431154,17.87768941,19.19622364
1,69,13.48858336,13.87307629,14.30681222,14.8020588,15.37598445,16.05355629,16.87288588,17.89594728,19.2325969
1,69.5,13.485033,13.86974182,14.3040328,14.80035507,15.37617677,16.05698471,16.8818498,17.91467056,19.2696351
1,70,13.48160033,13.86657079,14.30146254,14.79890546,15.37666674,16.0607533,16.89120035,17.93385331,19.30732568
1,70.5,13.47828563,13.86356292,14.29910074,14.79770893,15.37745304,16.06486028,16.90093464,17.95348986,19.34565656
1,71,13.47508933,13.86071807,14.29694676,14.79676444,15.37853424,16.0693037,16.91104964,17.97357429,19.38461517
1,71.5,13.4720118,13.85803603,14.29499989,14.79607088,15.37990886,16.07408165,16.92154242,17.99410108,19.42418962
1,72,13.46905356,13.85551669,14.29325947,14.7956271,15.38157537,16.07919206,16.93240989,18.01506448,19.4643676
1,72.5,13.4662151,13.85315988,14.29172477,14.79543193,15.38353217,16.08463288,16.94364904,18.03645899,19.50513729
1,73,13.46349702,13.85096553,14.29039513,14.79548417,15.38577762,16.09040195,16.95525677,18.05827902,19.54648667
1,73.5,13.4608999,13.84893352,14.28926981,14.79578259,15.38831005,16.0964971,16.96723,18.08051916,19.58840407
1,74,13.45842362,13.84706341,14.28834809,14.79632625,15.39112831,16.10291687,16.97956632,18.10317407,19.63087575
1,74.5,13.45607114,13.84535635,14.2876294,14.79711296,15.39422883,16.10965658,16.99226031,18.12623795,19.67389598
1,75,13.45383996,13.8438106,14.28711285,14.79814272,15.39761236,16.11671727,17.00531197,18.14970601,19.71744494
1,75.5,13.4517334,13.84242753,14.28679788,14.79941317,15.40127496,16.12409381,17.01871552,18.17357257,19.76151829
1,76,13.44975133,13.8412067,14.28668379,14.80092338,15.40521552,16.13178475,17.03246855,18.19783235,19.80610199
1,76.5,13.44789398,13.84014779,14.28676979,14.80267219,15.40943252,16.13978818,17.0465684,18.22248039,19.85118395
1,77,13.44616296,13.8392513,14.28705532,14.804658,15.41392345,16.14810077,17.06101091,18.24751114,19.8967548
1,77.5,13.44455833,13.83851687,14.28753959,14.80687971,15.41868691,16.15672079,17.07579356,18.27291974,19.94280203
1,78,13.44308152,13.83794487,14.28822201,14.80933578,15.42372053,16.16564507,17.09091239,18.29870075,19.98931597
1,78.5,13.44173278,13.83753506,14.28910184,14.81202504,15.42902273,16.17487164,17.10636465,18.32484934,20.03628486
1,79,13.44051339,13.83728775,14.29017849,14.81494603,15.43459125,16.18439748,17.12214652,18.35136014,20.08369869
1,79.5,13.43942375,13.83720278,14.29145121,14.81809749,15.44042439,16.1942204,17.13825509,18.37822837,20.13154635
1,80,13.43846501,13.8372804,14.29291943,14.82147803,15.44651996,16.20433753,17.15468665,18.40544875,20.17981773
1,80.5,13.4376382,13.83752081,14.2945825,14.82508622,15.45287581,16.21474601,17.17143761,18.43301629,20.22850331
1,81,13.43694291,13.83792341,14.29643966,14.82892114,15.45949089,16.22544454,17.18850589,18.46092631,20.27758926
1,81.5,13.43638133,13.83848904,14.29849042,14.832981,15.46636218,16.23642905,17.20588664,18.48917347,20.3270693
1,82,13.43595374,13.8392175,14.30073409,14.83726467,15.47348811,16.24769749,17.22357704,18.51775293,20.37693167
1,82.5,13.43566045,13.84010859,14.30316998,14.84177097,15.48086704,16.25924773,17.24157423,18.54666005,20.42716542
1,83,13.43550309,13.84116288,14.30579759,14.84649834,15.48849641,16.27107628,17.2598739,18.57588952,20.47776248
1,83.5,13.43548188,13.84238013,14.30861621,14.85144565,15.49637465,16.28318112,17.2784733,18.60543675,20.52871185
1,84,13.43559825,13.8437608,14.31162535,14.85661141,15.50449934,16.29555892,17.29736828,18.63529659,20.58000536
1,84.5,13.43585178,13.8453043,14.31482423,14.86199469,15.51286936,16.30820831,17.31655676,18.66546466,20.63163032
1,85,13.43624467,13.84701153,14.31821245,14.86759378,15.52148174,16.32112518,17.33603376,18.69593562,20.68358109
1,85.5,13.43677615,13.8488817,14.3217892,14.87340787,15.53033563,16.33430848,17.35579757,18.72670521,20.73584401
1,86,13.43744841,13.85091574,14.32555411,14.87943523,15.53942803,16.34775408,17.37584316,18.75776813,20.78841395
1,86.5,13.43826074,13.8531129,14.32950638,14.88567508,15.54875807,16.36146087,17.39616875,18.78912014,20.84127754
1,87,13.43921513,13.85547399,14.33364562,14.89212575,15.55832288,16.37542492,17.41676953,18.82075604,20.89442936
1,87.5,13.44031111,13.85799839,14.33797107,14.89878637,15.56812143,16.38964486,17.43764342,18.85267155,20.94785703
1,88,13.44155011,13.86068661,14.34248227,14.90565549,15.57815126,16.40411732,17.45878621,18.88486166,21.00155365
1,88.5,13.44293257,13.86353858,14.34717861,14.91273193,15.58841065,16.41883996,17.48019482,18.91732187,21.05551001
1,89,13.44445902,13.86655427,14.35205951,14.92001454,15.59889782,16.43381035,17.501866,18.95004748,21.10971676
1,89.5,13.4461302,13.86973385,14.35712452,14.92750221,15.60961101,16.44902603,17.52379642,18.9830337,21.16416461
1,90,13.4479465,13.87307707,14.36237273,14.93519339,15.62054798,16.46448412,17.54598266,19.01627644,21.21884731
1,90.5,13.44990866,13.8765842,14.3678039,14.94308727,15.63170735,16.48018251,17.56842157,19.04977062,21.27375382
1,91,13.4520172,13.88025517,14.37341737,14.95118257,15.64308716,16.49611859,17.59110983,19.08351181,21.32887638
1,91.5,13.45427261,13.88408996,14.37921254,14.95947811,15.65468563,16.51228991,17.61404422,19.11749558,21.38420685
1,92,13.45667534,13.88808852,14.38518886,14.96797277,15.66650105,16.52869412,17.63722157,19.15171734,21.43973627
1,92.5,13.45922624,13.89225104,14.39134581,14.9766653,15.67853139,16.54532839,17.66063825,19.18617252,21.49545776
1,93,13.46192532,13.89657722,14.39768275,14.98555469,15.69077524,16.56219081,17.68429159,19.2208568,21.55136153
1,93.5,13.46477352,13.9010673,14.40419919,14.99463968,15.70323052,16.57927847,17.70817784,19.25576558,21.60744113
1,94,13.46777084,13.90572099,14.4108945,15.00391928,15.71589581,16.59658943,17.73229431,19.29089456,21.66368706
1,94.5,13.47091811,13.91053846,14.41776818,15.01339223,15.72876911,16.6141209,17.7566374,19.32623926,21.72009291
1,95,13.47421541,13.91551947,14.42481961,15.02305754,15.74184896,16.63187087,17.7812043,19.36179533,21.77664952
1,95.5,13.4776634,13.92066411,14.43204827,15.03291401,15.75513347,16.6498367,17.8059916,19.39755842,21.83335034
1,96,13.48126231,13.9259722,14.43945356,15.04296061,15.76862107,16.66801622,17.83099634,19.43352416,21.8901869
1,96.5,13.4850125,13.93144367,14.44703493,15.05319621,15.78231007,16.6864071,17.85621539,19.46968832,21.94715199
1,97,13.48891435,13.93707846,14.45479181,15.06361974,15.79619879,16.70500698,17.88164562,19.50604652,22.00423802
1,97.5,13.49296818,13.94287644,14.46272362,15.07423012,15.8102856,16.72381362,17.90728399,19.54259457,22.06143766
1,98,13.49717429,13.94883751,14.47082981,15.08502627,15.82456887,16.74282471,17.93312743,19.57932818,22.11874349
1,98.5,13.50153279,13.95496144,14.47910977,15.09600717,15.83904708,16.7620382,17.95917312,19.61624329,22.17614792
1,99,13.50604445,13.9612484,14.48756301,15.10717161,15.85371829,16.7814513,17.98541744,19.65333538,22.23364504
1,99.5,13.51070904,13.96769795,14.49618887,15.11851869,15.86858123,16.80106233,18.01185802,19.6906007,22.29122676
1,100,13.51552687,13.97430998,14.50498676,15.13004729,15.88363421,16.82086893,18.03849166,19.72803485,22.34888581
1,100.5,13.52049832,13.98108444,14.51395617,15.14175637,15.89887562,16.84086881,18.06531533,19.76563378,22.40661594
1,101,13.52562337,13.98802102,14.52309646,15.1536449,15.91430399,16.86105997,18.0923263,19.80339351,22.46440973
1,101.5,13.53090239,13.99511965,14.53240708,15.16571182,15.92991765,16.88144009,18.11952145,19.84130986,22.52226082
1,102,13.53633544,14.00238009,14.54188742,15.17795612,15.94571512,16.90200709,18.14689795,19.87937884,22.58016222
1,102.5,13.54192276,14.00980218,14.5515369,15.19037673,15.96169481,16.92275877,18.17445286,19.91759648,22.63810779
1,103,13.5476643,14.01738559,14.56135491,15.20297267,15.9778553,16.94369319,18.20218351,19.9559588,22.69609011
1,103.5,13.55356046,14.0251303,14.57134089,15.21574286,15.99419489,16.96480794,18.23008671,19.99446177,22.75410384
1,104,13.5596109,14.0330358,14.58149417,15.22868638,16.01071237,16.9861014,18.25816013,20.03310165,22.81214108
1,104.5,13.56581592,14.04110196,14.59181416,15.24180213,16.02740607,17.00757124,18.28640074,20.07187447,22.87019632
1,105,13.57217596,14.04932881,14.60230038,15.25508908,16.04427431,17.02921508,18.31480531,20.1107761,22.92826412
1,105.5,13.57869055,14.05771573,14.61295207,15.26854626,16.0613159,17.05103135,18.34337169,20.14980314,22.98633734
1,106,13.58535989,14.06626257,14.62376868,15.28217268,16.07852927,17.07301785,18.37209687,20.18895145,23.04440972
1,106.5,13.59218407,14.07496908,14.63474958,15.29596729,16.09591292,17.09517252,18.40097812,20.22821746,23.10247606
1,107,13.59916275,14.08383478,14.64589411,15.30992917,16.11346562,17.11749368,18.43001305,20.26759736,23.16052877
1,107.5,13.60629683,14.09285993,14.65720182,15.32405712,16.13118532,17.13997842,18.45919798,20.30708716,23.21856545
1,108,13.61358455,14.10204315,14.66867172,15.33835052,16.14907171,17.16262652,18.48853218,20.34668387,23.27657425
1,108.5,13.62102744,14.11138509,14.68030351,15.35280803,16.16712234,17.18543444,18.51801122,20.38638315,23.3345548
1,109,13.62862492,14.12088511,14.69209645,15.36742878,16.18533614,17.20840073,18.54763303,20.42618153,23.39249956
1,109.5,13.63637691,14.13054287,14.7040499,15.38221176,16.20371168,17.23152348,18.57739504,20.46607548,23.45040314
1,110,13.6442833,14.14035801,14.71616322,15.39715601,16.22224758,17.2548008,18.60729466,20.50606133,23.50825963
1,110.5,13.65234404,14.15033019,14.72843575,15.4122605,16.24094239,17.27823069,18.63732925,20.54613566,23.56606436
1,111,13.66055883,14.16045896,14.74086683,15.42752431,16.25979486,17.30181147,18.66749646,20.58629482,23.6238106
1,111.5,13.66892773,14.17074404,14.75345581,15.44294639,16.27880346,17.32554107,18.69779356,20.62653546,23.68149443
1,112,13.67745028,14.18118488,14.76620201,15.45852584,16.29796702,17.3494179,18.72821834,20.66685405,23.73910898
1,112.5,13.68612683,14.19178138,14.77910484,15.47426155,16.31728385,17.37343962,18.75876776,20.70724708,23.79665125
1,113,13.69495648,14.20253269,14.7921635,15.49015271,16.33675304,17.3976051,18.78944014,20.74771134,23.85411335
1,113.5,13.70393991,14.21343895,14.80537749,15.50619815,16.35637267,17.42191164,18.82023204,20.78824317,23.91149352
1,114,13.71307588,14.22449909,14.81874591,15.5223971,16.37614207,17.44635846,18.8511422,20.82883962,23.96878304
1,114.5,13.72236531,14.23571338,14.83226834,15.53874836,16.39605916,17.47094261,18.8821669,20.86949691,24.02598111
1,115,13.73180671,14.2470806,14.8459438,15.55525119,16.41612341,17.49566356,18.91330517,20.9102123,24.08307851
1,115.5,13.74140112,14.25860111,14.85977191,15.57190436,16.43633265,17.52051822,18.94455315,20.95098194,24.14007495
1,116,13.75114695,14.27027361,14.87375165,15.58870718,16.45668642,17.5455062,18.97591001,20.99180323,24.19696114
1,116.5,13.76104523,14.28209845,14.88788264,15.60565837,16.47718256,17.57062438,19.00737191,21.03267238,24.25373707
1,117,13.77109438,14.29407434,14.90216386,15.62275726,16.49782059,17.59587236,19.03893801,21.07358681,24.31039361
1,117.5,13.7812953,14.30620155,14.9165949,15.64000259,16.51859843,17.62124716,19.07060462,21.11454286,24.36693059
1,118,13.79164653,14.31847886,14.93117476,15.65739365,16.53951551,17.64674825,19.10237077,21.15553793,24.42333954
1,118.5,13.80214878,14.33090643,14.94590298,15.67492923,16.56056987,17.67237285,19.134233,21.19656848,24.47961972
1,119,13.8128009,14.34348321,14.96077864,15.69260854,16.58176075,17.69812008,19.16618999,21.23763181,24.53576398
1,119.5,13.82360289,14.35620892,14.9758011,15.71043051,16.60308661,17.7239879,19.19823912,21.27872486,24.59176976
1,120,13.83455397,14.36908277,14.99096954,15.72839428,16.62454647,17.74997506,19.23037863,21.31984469,24.64763093
1,120.5,13.84565466,14.38210476,15.0062834,15.74649865,16.64613844,17.77607896,19.26260532,21.3609881,24.70334708
1,121,13.85690387,14.39527392,15.02174181,15.76474282,16.66786173,17.80229869,19.2949178,21.40215236,24.75891133
1,121.5,13.868301,14.40858956,15.03734397,15.78312584,16.68971518,17.82863278,19.32731415,21.44333475,24.81431939
1,122,13.87984593,14.4220513,15.05308919,15.80164668,16.71169735,17.85507931,19.35979187,21.48453221,24.86956816
1,122.5,13.89153826,14.43565858,15.06897672,15.82030434,16.73380695,17.88163662,19.39234886,21.52574204,24.92465437
1,123,13.90337753,14.44941081,15.08500581,15.83909787,16.75604277,17.90830313,19.42498299,21.5669613,24.97957372
1,123.5,13.91536312,14.46330727,15.10117563,15.85802631,16.77840363,17.9350774,19.45769241,21.60818745,25.03432245
1,124,13.92749476,14.47734751,15.11748549,15.87708865,16.8008882,17.96195764,19.49047478,21.6494175,25.08889711
1,124.5,13.93977171,14.49153072,15.13393451,15.89628396,16.82349538,17.98894255,19.52332845,21.69064912,25.14329401
1,125,13.95219412,14.50585671,15.1505221,15.91561114,16.84622355,18.0160299,19.55625055,21.73187906,25.19751099
1,125.5,13.96476005,14.52032392,15.1672471,15.93506947,16.86907238,18.04321959,19.58924082,21.77310566,25.25154075
1,126,13.9774709,14.53493294,15.1841092,15.95465762,16.89203943,18.07050813,19.622295,21.81432516,25.30538555
1,126.5,13.99032398,14.54968175,15.20110708,15.97437502,16.91512487,18.0978962,19.65541367,21.8555362,25.35903543
1,127,14.00332112,14.56457118,15.2182405,15.99422023,16.93832597,18.12537986,19.68859211,21.89673493,25.41249458
1,127.5,14.01645914,14.57959891,15.23550804,16.01419277,16.96164317,18.15296024,19.72183144,21.93792035,25.46575189
1,128,14.02974027,14.59476604,15.25290953,16.03429113,16.98507352,18.18063303,19.7551265,21.97908836,25.51881265
1,128.5,14.04316098,14.61007,15.27044347,16.05451487,17.00861766,18.20839971,19.78847886,22.02023825,25.57166499
1,129,14.05672372,14.62551203,15.28810975,16.07486245,17.0322725,18.23625575,19.82188309,22.06136583,25.62431507
1,129.5,14.07042477,14.64108946,15.30590681,16.09533345,17.05603879,18.26420279,19.85534097,22.10247055,25.67675066
1,130,14.0842666,14.65680351,15.32383454,16.11592631,17.0799134,18.29223629,19.88884707,22.14354831,25.72897836
1,130.5,14.09824558,14.67265159,15.34189141,16.13664063,17.10389705,18.32035782,19.92240308,22.1845984,25.78098585
1,131,14.11236394,14.68863476,15.36007723,16.15747485,17.12798676,18.34856305,19.95600386,22.22561702,25.83277951
1,131.5,14.12661831,14.70475057,15.37839052,16.1784285,17.15218302,18.37685328,19.9896508,22.26660347,25.88434853
1,132,14.14101046,14.72099981,15.396831,16.19950013,17.17648317,18.40522465,20.02333931,22.30755415,25.93569759
1,132.5,14.15553767,14.73738044,15.41539733,16.22068914,17.20088732,18.43367782,20.05707005,22.34846797,25.98681777
1,133,14.17020079,14.75389265,15.43408901,16.24199425,17.22539334,18.46220985,20.09083949,22.38934195,26.03771139
1,133.5,14.18499819,14.77053508,15.45290493,16.26341461,17.25000062,18.49082025,20.12464702,22.43017458,26.08837359
1,134,14.19992949,14.78730718,15.47184433,16.28494921,17.27470785,18.51950736,20.15849056,22.47096342,26.13880239
1,134.5,14.21499422,14.80420827,15.49090634,16.30659696,17.29951367,18.54826953,20.19236821,22.51170652,26.1889971
1,135,14.23019066,14.82123698,15.5100899,16.32835708,17.32441759,18.5771064,20.22627939,22.55240212,26.23895157
1,135.5,14.24551993,14.83839364,15.5293945,16.35022819,17.34941726,18.60601475,20.26022039,22.59304754,26.28867039
1,136,14.26097845,14.85567567,15.54881863,16.37220986,17.37451334,18.6349961,20.29419282,22.63364202,26.33814174
1,136.5,14.27656797,14.87308383,15.56836194,16.39430057,17.39970308,18.66404656,20.3281922,22.67418255,26.38737226
1,137,14.29228676,14.89061668,15.58802332,16.41649953,17.42498596,18.69316578,20.36221804,22.71466759,26.43635652
1,137.5,14.30813424,14.90827351,15.6078019,16.43880567,17.45036072,18.72235225,20.39626858,22.75509529,26.48509359
1,138,14.32410936,14.92605333,15.62769671,16.46121805,17.47582637,18.7516049,20.43034252,22.79546383,26.53358054
1,138.5,14.34021158,14.94395542,15.64770688,16.48373558,17.50138161,18.78092218,20.46443809,22.83577146,26.58181702
1,139,14.35643978,14.96197874,15.66783143,16.50635733,17.52702552,18.81030311,20.49855409,22.87601641,26.62979984
1,139.5,14.3727935,14.98012266,15.6880695,16.52908222,17.55275674,18.83974604,20.53268865,22.91619685,26.6775288
1,140,14.38927147,14.99838601,15.70842005,16.55190931,17.57857442,18.86925013,20.56684075,22.95631126,26.72500089
1,140.5,14.40587331,15.01676821,15.72888225,16.57483749,17.60447714,18.89881365,20.60100844,22.9963578,26.77221624
1,141,14.42259766,15.03526805,15.74945506,16.59786586,17.63046412,18.92843586,20.63519083,23.03633498,26.81917154
1,141.5,14.43944417,15.05388494,15.7701376,16.62099326,17.6565339,18.95811499,20.66938595,23.07624113,26.86586766
1,142,14.4564114,15.07261762,15.79092883,16.64421881,17.68268573,18.98785036,20.70359298,23.11607475,26.91230084
1,142.5,14.47349907,15.09146555,15.81182789,16.66754136,17.70891811,19.01764015,20.73780991,23.1558342,26.9584724
1,143,14.4907061,15.1104277,15.8328338,16.69095992,17.73523006,19.04748331,20.77203552,23.1955179,27.00438005
1,143.5,14.50803085,15.12950266,15.85394539,16.71447361,17.76162094,19.07737938,20.80626936,23.2351249,27.0500209
1,144,14.52547362,15.14869027,15.875162,16.73808116,17.78808887,19.10732592,20.84050863,23.27465299,27.09539721
1,144.5,14.54303217,15.16798874,15.89648231,16.76178179,17.81463359,19.13732306,20.87475359,23.31410162,27.14050454
1,145,14.56070695,15.18739799,15.91790566,16.7855742,17.84125312,19.16736821,20.9090013,23.35346853,27.18534567
1,145.5,14.57849555,15.20691614,15.93943073,16.80945765,17.86794729,19.19746168,20.9432522,23.39275329,27.22991583
1,146,14.59639854,15.22654316,15.96105687,16.8334308,17.89471405,19.22760076,20.97750323,23.43195367,27.27421838
1,146.5,14.61441334,15.24627708,15.9827827,16.85749292,17.92155332,19.25778591,21.01175503,23.47106934,27.31824823
1,147,14.63254065,15.26611794,16.0046076,16.88164265,17.94846297,19.28801428,21.04600441,23.5100981,27.36200933
1,147.5,14.65077775,15.28606367,16.02653016,16.90587928,17.97544299,19.31828649,21.08025219,23.54903972,27.40549628
1,148,14.66912539,15.30611437,16.04854975,16.93020143,18.0024912,19.34859961,21.11449512,23.58789207,27.44871363
1,148.5,14.6875808,15.3262679,16.07066497,16.95460841,18.02960765,19.37895434,21.1487341,23.62665492,27.49165553
1,149,14.70614477,15.34652439,16.09287517,16.9790988,18.0567901,19.4093477,21.18296585,23.66532626,27.53432721
1,149.5,14.7248144,15.36688162,16.11517891,17.00367194,18.08403868,19.43978049,21.21719141,23.70390594,27.5767226
1,150,14.74359057,15.38733978,16.13757558,17.02832636,18.11135108,19.47024964,21.25140742,23.74239195,27.61884726
1,150.5,14.76247028,15.40789659,16.1600637,17.05306145,18.1387275,19.50075608,21.28561506,23.78078429,27.66069509
1,151,14.78145446,15.42855224,16.18264265,17.07787571,18.16616557,19.53129666,21.31981091,23.81908095,27.70227197
1,151.5,14.80054003,15.44930441,16.20531093,17.10276852,18.19366555,19.56187239,21.35399626,23.85728202,27.74357169
1,152,14.81972796,15.47015332,16.22806795,17.12773838,18.22122503,19.59248009,21.38816764,23.89538552,27.78460044
1,152.5,14.83901509,15.49109659,16.25091216,17.15278468,18.24884431,19.62312083,21.42232647,23.93339168,27.82535209
1,153,14.85840244,15.51213447,16.27384298,17.17790589,18.27652096,19.65379139,21.45646923,23.97129851,27.86583294
1,153.5,14.87788676,15.53326452,16.29685884,17.20310142,18.3042553,19.68449292,21.49059743,24.00910636,27.90603701
1,154,14.89746911,15.55448701,16.31995915,17.22836973,18.33204487,19.71522216,21.52470755,24.0468133,27.94597079
1,154.5,14.9171462,15.57579948,16.34314235,17.25371022,18.35989003,19.74598029,21.55880113,24.08441966,27.98562823
1,155,14.93691907,15.59720218,16.36640782,17.27912134,18.38778832,19.77676407,21.5928747,24.12192366,28.02501612
1,155.5,14.9567844,15.61869262,16.38975398,17.30460249,18.41574009,19.80757472,21.62692985,24.15932572,28.06412856
1,156,14.97674322,15.64027104,16.41318022,17.33015212,18.44374288,19.83840897,21.66096312,24.19662408,28.10297242
1,156.5,14.99679223,15.66193497,16.43668496,17.35576964,18.47179706,19.86926806,21.6949761,24.23381917,28.14154183
1,157,15.01693241,15.68368461,16.46026754,17.38145347,18.49990016,19.90014877,21.72896542,24.27090937,28.17984387
1,157.5,15.03716043,15.70551747,16.4839264,17.40720301,18.52805255,19.93105233,21.76293268,24.30789519,28.21787293
1,158,15.05747725,15.72743373,16.50766087,17.4330167,18.55625178,19.96197554,21.79687455,24.34477505,28.25563605
1,158.5,15.07787957,15.74943092,16.53146937,17.45889393,18.5844982,19.99291961,21.83079262,24.38154947,28.29312777
1,159,15.0983683,15.77150918,16.55535122,17.48483313,18.61278938,20.02388141,21.86468364,24.41821698,28.33035517
1,159.5,15.11894013,15.79366604,16.57930485,17.51083367,18.64112567,20.05486213,21.89854922,24.45477823,28.36731329
1,160,15.13959592,15.8159016,16.60332953,17.536894,18.66950465,20.08585868,21.93238617,24.49123177,28.404009
1,160.5,15.16033241,15.83821341,16.62742372,17.56301348,18.69792663,20.1168722,21.96619604,24.52757821,28.44043749
1,161,15.18115037,15.86060153,16.65158666,17.58919055,18.72638925,20.14789971,21.99997579,24.5638163,28.47660581
1,161.5,15.2020466,15.88306352,16.67581679,17.61542456,18.75489278,20.17894227,22.03372691,24.59994667,28.51250941
1,162,15.2230218,15.9055994,16.70011337,17.64171396,18.7834349,20.20999698,22.06744643,24.63596811,28.54815514
1,162.5,15.24407277,15.92820675,16.72447482,17.66805807,18.81201584,20.24106487,22.10113588,24.67188139,28.58353908
1,163,15.26520017,15.95088553,16.74890036,17.69445536,18.84063332,20.27214309,22.13479234,24.70768532,28.61866776
1,163.5,15.28640085,15.97363336,16.77338844,17.72090513,18.86928753,20.30323264,22.16841727,24.7433807,28.65353763
1,164,15.30767537,15.99645012,16.79793824,17.74740585,18.89797624,20.33433074,22.20200792,24.77896648,28.68815521
1,164.5,15.32902066,16.01933351,16.82254823,17.77395681,18.92669959,20.36543831,22.23556566,24.81444343,28.72251718
1,165,15.35043716,16.04228332,16.84721756,17.80055649,18.9554554,20.39655269,22.26908786,24.84981062,28.75663001
1,165.5,15.37192186,16.06529725,16.87194468,17.82720415,18.98424378,20.42767474,22.30257587,24.88506894,28.79049093
1,166,15.39347515,16.0883751,16.89672875,17.85389829,19.01306258,20.45880186,22.33602713,24.92021746,28.82410604
1,166.5,15.41509404,16.11151456,16.92156821,17.88063813,19.04191185,20.48993486,22.36944296,24.95525713,28.85747308
1,167,15.43677884,16.13471536,16.94646219,17.9074222,19.07078951,20.52107123,22.40282092,24.99018711,28.89059796
1,167.5,15.45852664,16.15797526,16.97140915,17.9342497,19.09969557,20.55221171,22.43616225,25.0250084,28.92347887
1,168,15.48033762,16.18129391,16.99640817,17.96111914,19.12862799,20.58335389,22.46946469,25.05972032,28.95612168
1,168.5,15.502209,16.20466912,17.02145775,17.98802974,19.15758672,20.6144984,22.50272931,25.09432371,28.9885246
1,169,15.52414079,16.22810045,17.04655692,18.01498,19.18656978,20.64564298,22.53595407,25.12881818,29.02069373
1,169.5,15.54613033,16.25158578,17.07170419,18.04196911,19.21557707,20.67678816,22.56913995,25.16320455,29.0526276
1,170,15.56817752,16.27512459,17.09689856,18.06899558,19.24460666,20.70793178,22.60228501,25.19748248,29.08433208
1,170.5,15.59027975,16.2987148,17.12213855,18.09605858,19.27365839,20.73907429,22.63539021,25.2316529,29.11580621
1,171,15.61243685,16.32235582,17.14742314,18.12315666,19.3027304,20.77021363,22.66845369,25.26571551,29.14705562
1,171.5,15.63464626,16.34604562,17.17275085,18.15028892,19.33182247,20.80135018,22.70147638,25.29967131,29.17807985
1,172,15.65690738,16.36978333,17.19812056,18.17745402,19.36093302,20.83248233,22.73445693,25.33352024,29.20888338
1,172.5,15.67921876,16.39356759,17.22353101,18.2046508,19.39006106,20.8636093,22.76739501,25.36726285,29.23946895
1,173,15.7015787,16.41739687,17.24898085,18.23187816,19.41920578,20.89473063,22.80029054,25.40089966,29.26983818
1,173.5,15.72398607,16.44126999,17.27446888,18.25913485,19.44836594,20.92584521,22.83314285,25.43443112,29.29999493
1,174,15.74643918,16.46518544,17.29999375,18.28641978,19.4775407,20.95695252,22.86595184,25.46785778,29.32994095
1,174.5,15.76893686,16.48914198,17.32555422,18.31373166,19.50672885,20.98805152,22.89871693,25.50118027,29.35968034
1,175,15.79147747,16.51313813,17.35114897,18.3410694,19.53592953,21.01914167,22.93143798,25.53439908,29.38921486
1,175.5,15.81405977,16.53717263,17.37677672,18.36843173,19.56514153,21.05022195,22.96411449,25.56751495,29.41854868
1,176,15.83668213,16.56124398,17.40243616,18.39581753,19.59436399,21.08129181,22.99674632,25.60052846,29.44768384
1,176.5,15.85934329,16.58535092,17.42812598,18.42322553,19.62359571,21.11235027,23.02933301,25.63344039,29.47662449
1,177,15.88204165,16.60949195,17.45384487,18.45065459,19.65283581,21.14339675,23.06187443,25.66625136,29.50537287
1,177.5,15.90477587,16.63366574,17.47959151,18.47810343,19.6820831,21.17443034,23.09437022,25.69896234,29.5339334
1,178,15.92754438,16.65787085,17.50536458,18.50557093,19.71133668,21.20545039,23.12682019,25.73157389,29.56230827
1,178.5,15.95034583,16.68210591,17.53116273,18.53305578,19.74059538,21.23645605,23.15922406,25.76408709,29.59050199
1,179,15.97317863,16.70636945,17.55698466,18.56055684,19.76985827,21.26744667,23.19158167,25.7965026,29.61851709
1,179.5,15.99604144,16.73066012,17.58282901,18.58807282,19.7991242,21.29842139,23.22389273,25.82882146,29.64635791
1,180,16.01893266,16.75497645,17.60869444,18.61560256,19.82839223,21.32937958,23.25615712,25.8610445,29.67402734
1,180.5,16.04185088,16.77931702,17.63457959,18.64314475,19.85766121,21.3603204,23.28837464,25.89317285,29.70152982
1,181,16.06479457,16.8036804,17.66048312,18.67069823,19.88693018,21.3912432,23.32054512,25.92520732,29.72886831
1,181.5,16.08776226,16.82806514,17.68640365,18.69826169,19.916198,21.42214718,23.35266844,25.95714917,29.75604741
1,182,16.11075242,16.8524698,17.71233982,18.72583393,19.9454637,21.45303166,23.38474445,25.98899928,29.78307027
1,182.5,16.13376361,16.87689295,17.73829027,18.75341367,19.97472615,21.48389587,23.41677301,26.02075889,29.80994137
1,183,16.15679427,16.90133311,17.76425361,18.78099968,20.00398435,21.51473913,23.44875403,26.05242901,29.83666419
1,183.5,16.1798429,16.92578881,17.79022845,18.80859067,20.03323719,21.54556069,23.48068746,26.08401102,29.86324342
1,184,16.20290798,16.95025861,17.81621342,18.8361854,20.06248365,21.57635986,23.51257317,26.11550594,29.88968256
1,184.5,16.22598802,16.97474103,17.8422071,18.86378256,20.09172262,21.6071359,23.54441114,26.14691516,29.91598632
1,185,16.24908148,16.99923459,17.86820812,18.89138092,20.12095306,21.63788811,23.57620127,26.17823981,29.94215844
1,185.5,16.27218681,17.0237378,17.89421504,18.91897916,20.15017387,21.66861579,23.60794361,26.2094814,29.96820379
1,186,16.29530253,17.0482492,17.92022648,18.94657602,20.179384,21.69931823,23.63963805,26.24064108,29.99412619
1,186.5,16.31842706,17.07276727,17.94624099,18.97417018,20.20858236,21.72999473,23.67128467,26.27172044,30.01993061
1,187,16.34155891,17.09729055,17.97225718,19.00176037,20.23776787,21.76064458,23.70288339,26.30272068,30.04562102
1,187.5,16.36469649,17.12181748,17.99827358,19.02934526,20.26693944,21.79126711,23.73443435,26.33364351,30.07120254
1,188,16.3878383,17.14634662,18.0242888,19.05692356,20.29609599,21.82186159,23.76593747,26.36449016,30.09667925
1,188.5,16.41098276,17.17087641,18.05030136,19.08449394,20.32523642,21.85242737,23.79739291,26.3952624,30.12205634
1,189,16.43412836,17.19540537,18.07630985,19.11205509,20.35435964,21.88296371,23.82880063,26.42596155,30.14733806
1,189.5,16.4572735,17.21993194,18.10231276,19.13960566,20.38346455,21.91346998,23.86016084,26.45658947,30.17252979
1,190,16.48041668,17.24445465,18.12830869,19.16714435,20.41255004,21.94394545,23.89147351,26.48714753,30.19763584
1,190.5,16.50355627,17.2689719,18.15429614,19.1946698,20.44161501,21.97438948,23.92273886,26.51763764,30.22266166
1,191,16.52669079,17.29348222,18.18027365,19.22218066,20.47065834,22.00480134,23.95395692,26.5480613,30.24761182
1,191.5,16.54981862,17.31798403,18.20623973,19.2496756,20.49967894,22.0351804,23.98512791,26.57842039,30.2724917
1,192,16.57293823,17.3424758,18.23219291,19.27715324,20.52867566,22.06552595,24.01625192,26.60871658,30.2973062
1,192.5,16.59604803,17.36695598,18.2581317,19.30461222,20.5576474,22.09583735,24.04732917,26.63895177,30.32206068
1,193,16.61914647,17.39142302,18.28405459,19.33205118,20.58659302,22.12611389,24.0783598,26.66912771,30.34676023
1,193.5,16.64223194,17.41587534,18.30996008,19.35946874,20.6155114,22.15635494,24.10934406,26.69924639,30.37141033
1,194,16.66530291,17.4403114,18.33584667,19.3868635,20.6444014,22.1865598,24.14028211,26.72930964,30.39601624
1,194.5,16.68835777,17.46472961,18.36171284,19.4142341,20.67326189,22.21672783,24.17117422,26.75931945,30.42058339
1,195,16.71139497,17.48912844,18.38755707,19.44157911,20.70209171,22.24685835,24.20202058,26.78927775,30.44511724
1,195.5,16.7344138,17.51350678,18.41337794,19.46889686,20.73088905,22.27694977,24.23282057,26.81918645,30.46962598
1,196,16.75740998,17.5378615,18.43917355,19.4961868,20.75965477,22.30700426,24.26357725,26.8490482,30.49410768
1,196.5,16.78038545,17.56219305,18.46494285,19.52344637,20.7883851,22.33701748,24.29428725,26.87886427,30.5185777
1,197,16.80333525,17.58649791,18.49068382,19.55067525,20.81708136,22.36699227,24.32495434,26.90863757,30.54303264
1,197.5,16.82626102,17.61077631,18.51639534,19.57787096,20.84574003,22.39692466,24.35557554,26.93836952,30.56748691
1,198,16.8491581,17.63502492,18.54207546,19.60503305,20.87436218,22.42681715,24.3861543,26.968063,30.59193815
1,198.5,16.8720278,17.65924376,18.56772296,19.63215914,20.90294449,22.45666611,24.41668804,26.99771968,30.61640023
1,199,16.89486575,17.68342966,18.59333593,19.65924867,20.93148784,22.48647373,24.4471799,27.02734237,30.64087155
1,199.5,16.917673,17.7075825,18.61891311,19.68629933,20.95998909,22.51623665,24.47762759,27.05693282,30.66536525
1,200,16.94044544,17.73169923,18.64445261,19.71331047,20.9884489,22.54595684,24.50803405,27.08649393,30.68988074
1,200.5,16.96318383,17.75577958,18.66995312,19.74027984,21.01686433,22.57563117,24.53839727,27.11602757,30.71443053
1,201,16.98588432,17.77982062,18.69541275,19.7672067,21.04523586,22.60526137,24.56871997,27.14553664,30.73901478
1,201.5,17.00854745,17.80382195,18.72083017,19.79408886,21.07356067,22.63484456,24.59900041,27.17502316,30.76364558
1,202,17.03116957,17.82778077,18.74620351,19.8209255,21.10183912,22.66438224,24.6292411,27.20448998,30.78832365
1,202.5,17.05375098,17.8516965,18.77153137,19.84771447,21.1300685,22.69387177,24.65944058,27.23393935,30.81306087
1,203,17.07628823,17.87556646,18.7968119,19.87445489,21.15824903,22.72331445,24.68960119,27.26337411,30.83785845
1,203.5,17.0987815,17.89939,18.82204369,19.90114465,21.18637813,22.7527078,24.71972163,27.29279655,30.86272784
1,204,17.12122759,17.92316457,18.84722489,19.92778274,21.21445576,22.78205283,24.74980398,27.32220958,30.88767137
1,204.5,17.14362604,17.94688916,18.87235399,19.95436726,21.24247982,22.8113477,24.77984763,27.35161569,30.91269886
1,205,17.16597428,17.97056156,18.89742925,19.98089699,21.2704498,22.8405928,24.80985405,27.38101768,30.93781427
1,205.5,17.18827159,17.99418059,18.92244905,20.00737005,21.29836376,22.86978656,24.83982293,27.41041828,30.96302723
1,206,17.21051543,18.01774407,18.94741166,20.03378525,21.32622117,22.89892933,24.86975574,27.43982032,30.98834177
1,206.5,17.23270509,18.04125083,18.9723155,20.06014069,21.35402009,22.92801954,24.89965215,27.46922646,31.01376726
1,207,17.254838,18.06469864,18.99715878,20.08643515,21.38175998,22.95705756,24.9295137,27.4986397,31.03930817
1,207.5,17.27691342,18.08808629,19.02193988,20.11266672,21.40943891,22.98604186,24.95934015,27.52806286,31.06497411
1,208,17.29892879,18.11141159,19.04665703,20.13883417,21.43705631,23.01497277,24.98913301,27.55749894,31.09076953
1,208.5,17.32088338,18.13467332,19.07130861,20.1649356,21.46461026,23.0438488,25.01889207,27.58695076,31.11670396
1,209,17.34277461,18.15786924,19.09589281,20.19096973,21.49210017,23.07267027,25.0486189,27.61642146,31.14278221
1,209.5,17.36460171,18.18099813,19.120408,20.21693467,21.51952414,23.10143572,25.07831334,27.64591397,31.16901391
1,210,17.38636214,18.20405776,19.14485236,20.24282913,21.54688156,23.13014548,25.10797696,27.67543145,31.19540392
1,210.5,17.40805509,18.22704688,19.16922426,20.26865121,21.57417053,23.15879809,25.13760965,27.70497687,31.22196195
1,211,17.42967801,18.24996325,19.19352185,20.29439961,21.60139043,23.18739388,25.167213,27.7345535,31.24869305
1,211.5,17.45123007,18.27280557,19.21774347,20.3200724,21.62853937,23.21593144,25.19678698,27.76416443,31.27560707
1,212,17.47270874,18.29557165,19.24188731,20.34566829,21.65561674,23.24441107,25.22633315,27.79381288,31.30270906
1,212.5,17.49411313,18.31826013,19.26595164,20.37118535,21.68262062,23.2728314,25.25585158,27.82350214,31.33000915
1,213,17.51544073,18.34086882,19.28993466,20.39662226,21.70955041,23.30119274,25.28534383,27.85323542,31.35751239
1,213.5,17.53669063,18.36339635,19.31383465,20.42197709,21.73640419,23.32949373,25.31481,27.88301607,31.38522902
1,214,17.5578603,18.3858405,19.33764976,20.44724851,21.76318137,23.3577347,25.34425172,27.91284742,31.41316428
1,214.5,17.57894881,18.40819991,19.36137826,20.47243458,21.78988003,23.38591429,25.3736691,27.94273286,31.44132846
1,215,17.59995357,18.43047229,19.38501832,20.49753401,21.81649961,23.41403292,25.40306386,27.97267578,31.46972676
1,215.5,17.62087365,18.45265629,19.40856817,20.5225448,21.84303819,23.44208923,25.43243616,28.0026797,31.49836983
1,216,17.64170668,18.47474974,19.43202599,20.5474656,21.86949503,23.47008338,25.46178747,28.03274797,31.52726343
1,216.5,17.66245131,18.49675102,19.45538997,20.57229454,21.8958685,23.49801446,25.4911184,28.06288426,31.55641726
1,217,17.68310544,18.51865815,19.47865829,20.59703014,21.92215765,23.52588234,25.5204302,28.093092,31.58583821
1,217.5,17.70366656,18.54046883,19.501829,20.62167092,21.94836168,23.55368726,25.54972456,28.12337504,31.61553317
1,218,17.72413558,18.56218278,19.52490068,20.64621447,21.97447753,23.58142617,25.57899993,28.15373629,31.64551603
1,218.5,17.74450803,18.58379657,19.54787107,20.67065983,22.00050569,23.60910112,25.6082598,28.18418009,31.67578966
1,219,17.76478263,18.60530871,19.57073854,20.69500537,22.02644478,23.63671139,25.63750488,28.21470992,31.70636292
1,219.5,17.78495872,18.62671788,19.5935012,20.71924881,22.05229242,23.6642551,25.66673489,28.24532932,31.73724781
1,220,17.80503187,18.64802084,19.61615709,20.74338962,22.0780496,23.69173476,25.69595365,28.27604252,31.76844592
1,220.5,17.82500269,18.669217,19.63870452,20.76742512,22.10371305,23.71914726,25.7251597,28.3068528,31.79997216
1,221,17.84486844,18.69030399,19.66114158,20.79135402,22.12928227,23.74649317,25.75435505,28.33776407,31.83183273
1,221.5,17.86462724,18.71127987,19.68346638,20.81517463,22.15475603,23.77377212,25.78354088,28.36878034,31.86403676
1,222,17.88427716,18.73214273,19.70567708,20.83888535,22.18013317,23.80098378,25.81271834,28.3999053,31.89659245
1,222.5,17.9038163,18.75289061,19.7277718,20.86248449,22.20541249,23.82812781,25.84188863,28.43114296,31.92950889
1,223,17.92324267,18.77352155,19.74974866,20.88597044,22.23059283,23.85520392,25.87105299,28.46249716,31.96279461
1,223.5,17.94255433,18.79403358,19.77160579,20.90934153,22.255673,23.88221181,25.90021267,28.493972,31.99645884
1,224,17.96174928,18.81442473,19.7933413,20.93259616,22.28065188,23.90915119,25.9293689,28.52557132,32.0305101
1,224.5,17.98082551,18.83469297,19.81495329,20.95573265,22.30552831,23.93602182,25.95852302,28.5572993,32.06495783
1,225,17.99978103,18.85483635,19.8364399,20.97874941,22.33030116,23.96282344,25.98767628,28.58915981,32.09981062
1,225.5,18.01861373,18.8748528,19.8577992,21.00164477,22.3549693,23.98955583,26.01683008,28.62115715,32.13507807
1,226,18.03732161,18.89474033,19.87902932,21.02441717,22.37953164,24.01621878,26.0459857,28.65329521,32.17076886
1,226.5,18.05590254,18.91449687,19.90012833,21.04706493,22.40398706,24.04281209,26.07514458,28.68557835,32.20689277
1,227,18.07435441,18.93412038,19.92109436,21.06958648,22.4283345,24.0693356,26.10430807,28.71801055,32.24345859
1,227.5,18.09267625,18.95360937,19.94192548,21.09197965,22.45257182,24.09578777,26.13347634,28.75059588,32.28047905
1,228,18.11086251,18.97296006,19.96261979,21.11424451,22.47670112,24.12217259,26.16265464,28.78333924,32.31795433
1,228.5,18.12891493,18.99217235,19.98317542,21.13637759,22.50071778,24.14848524,26.19184009,28.81624411,32.35590447
1,229,18.14682857,19.01124269,20.00359031,21.15837847,22.52462307,24.17472868,26.22103699,28.84931523,32.39433189
1,229.5,18.16460329,19.0301701,20.02386274,21.18024479,22.54841437,24.20090068,26.25024487,28.88255663,32.43325153
1,230,18.18223474,19.0489513,20.0439906,21.20197578,22.57209232,24.22700336,26.27946727,28.9159729,32.47266758
1,230.5,18.19972281,19.06758534,20.06397213,21.22356903,22.59565422,24.2530344,26.30870365,28.94956819,32.51259565
1,231,18.2170629,19.08606881,20.08380526,21.24502388,22.61910092,24.27899623,26.33795781,28.98334712,32.55303936
1,231.5,18.23425511,19.10440085,20.10348822,21.26633786,22.64242956,24.30488627,26.36722899,29.01731384,32.59401499
1,232,18.25129448,19.12257785,20.12301889,21.28751041,22.66564125,24.3307073,26.39652135,29.05147313,32.6355258
1,232.5,18.26818139,19.14059914,20.14239558,21.30853899,22.68873292,24.35645648,26.42583384,29.08582902,32.67758872
1,233,18.28491047,19.15846088,20.16161609,21.32942315,22.71170597,24.38213696,26.45517101,29.12038652,32.72020652
1,233.5,18.30148239,19.17616254,20.18067876,21.35016026,22.73455713,24.4077456,26.48453153,29.15514963,32.76339703
1,234,18.31789136,19.19370006,20.19958137,21.37075002,22.75728807,24.43328597,26.51392034,29.19012344,32.80716228
1,234.5,18.33413836,19.21107309,20.21832228,21.39118969,22.7798953,24.45875461,26.54333579,29.22531197,32.85152117
1,235,18.35021719,19.22827734,20.23689925,21.41147913,22.80238082,24.4841555,26.57278323,29.26072037,32.89647478
1,235.5,18.3661291,19.2453126,20.25531064,21.43161545,22.82474087,24.50948485,26.60226073,29.29635276,32.94204339
1,236,18.38186746,19.26217435,20.27355419,21.45159871,22.84697782,24.53474711,26.63177408,29.33221435,32.98822711
1,236.5,18.39743194,19.27886154,20.29162813,21.47142661,22.86908912,24.55994013,26.66132283,29.36830949,33.03504229
1,237,18.41282031,19.29537205,20.30953058,21.49109757,22.89107371,24.58506372,26.69090845,29.40464274,33.0825005
1,237.5,18.42802906,19.31170309,20.32725951,21.51061046,22.91293151,24.61011905,26.72053363,29.44121903,33.13061052
1,238,18.44305567,19.32785239,20.34481299,21.52996382,22.93466168,24.63510624,26.75020008,29.478043,33.17938337
1,238.5,18.45789712,19.34381739,20.36218903,21.54915631,22.95626373,24.6600259,26.77991005,29.51511963,33.22882959
1,239,18.47255085,19.35959583,20.37938573,21.56818649,22.97773686,24.68487819,26.80966525,29.55245352,33.2789603
1,239.5,18.48701379,19.37518515,20.39640109,21.58705307,22.99908062,24.70966377,26.83946792,29.59004962,33.32978592
1,240,18.5012833,19.39058303,20.41323319,21.60575461,23.02029424,24.73438284,26.86931987,29.62791266,33.38131789
1,240.5,18.51535622,19.40578684,20.42988003,21.62428984,23.04137734,24.75903616,26.89922347,29.66604774,33.43356695
